{"data":{"pop00_22":[1.22851984E+8,1.26152678E+8,1.29583026E+8,1.33119801E+8,1.36756848E+8,1.40490722E+8,1.44329764E+8,1.48294028E+8,1.52382506E+8,1.56595758E+8,1.60952853E+8,1.65463745E+8,1.70075932E+8,1.74726123E+8,1.79379016E+8,1.83995785E+8,1.88666931E+8,1.93495907E+8,1.98387623E+8,2.03304492E+8,2.08327405E+8,2.13401323E+8,2.18541212E+8],"inc_all":[[143.26182961766412,218.96268276790713,310.94328928379372],[142.6842480506042,218.78251367759313,310.73458464353808],[142.76561190969565,219.16450693164089,310.99752216003969],[142.72857874840122,219.35128944491137,310.99806106230585],[142.58883767195334,219.36744257223594,310.7705436440009],[143.069945928529,219.23155893525839,311.05256900879192],[142.72870286131695,218.94305875813669,311.09314361520057],[142.95922961914556,219.15919635010522,310.86889082276463],[143.06104140326974,219.1852652692298,311.05932855573332],[143.04346609440086,219.03530745705129,310.99182137488037],[142.89898918411842,219.31888339997303,311.27127644018833],[142.62943220582852,218.77904431572003,311.24643044915973],[142.87735903749154,219.31380625919488,311.03754292523882],[143.08106636121033,219.20019366537423,311.34440040199371],[142.71457481960988,219.08917150041674,311.07317480211844],[142.93805697777262,219.0267565096668,310.87668665888185],[143.10934013126021,218.90428694152027,311.13030613722128],[143.15548287023972,219.12608208296624,311.11769201402279],[143.15409182557724,219.26771107086654,311.0073051281027],[143.13505675024632,218.883506027009,311.35563891032962],[143.04407046206907,218.88622862652178,311.04885120610993],[142.92320015279381,218.83650646345805,311.15083574247569],[142.76483467109171,219.18062758799016,311.15412684725112]],"inc_h1":[8.2364327694860577,12.354649154229088,17.845604333886463],"mdr2015":[4.8914163984789107,8.1523606641315176,11.956795640726227],"mdr2022":[3.248815147963946,5.490955179657373,7.7788531711812787],"mort_H0":[[60.235087452881515,102.562446203555,155.47164464189686],[56.281008953293885,93.537451499840529,140.30617724976079],[57.106244763878259,95.691545280012221,142.76561190969565],[56.340228453316271,93.1491777094829,139.72376656422435],[54.110635834484867,89.209426646042616,133.81413996906392],[53.384308182286944,88.2620561947144,132.39308429207162],[52.657191346893633,87.300080390902608,131.64297836723409],[50.57519915771659,84.966334584963874,128.12383786621535],[61.030627754605895,87.936603431367644,118.78003896326524],[60.027168807471782,86.2092317979648,117.49999000611498],[60.887395391493932,88.224593322368762,119.91089092406459],[61.64492408895979,88.2368521273346,120.26803817355881],[59.3852397645541,85.844009956682171,117.59453418723587],[58.377075075373817,85.276315551281371,116.75415015074763],[58.535274828355625,86.409215222810673,119.85794369615674],[57.066524648920627,85.328041617909889,119.56795640726226],[54.593563087110375,82.685396520283675,116.0775758842444],[53.2311001286451,81.138667186381355,114.73110901513799],[51.918561471952316,80.146128874178814,114.42246071973956],[49.679177772422257,77.224068418517774,110.67143563163376],[45.601297630525373,72.4820625495719,105.60300503911139],[36.550851186616121,58.575082029833524,85.753920091676292],[28.369935094896427,44.842800633868542,64.976302959278911]],"mort_H1":[3.0657833086420334,4.5757959830478105,6.8636939745717154],"noti":[21.017975582714236,36.338507217421096,29.80945976674445,33.387219381435223,42.084181407866318,45.547491741127217,49.0086022727786,55.576749186420372,56.222989271485012,56.571775079628914,52.264373344161847,52.44532571168385,54.574447370954289,54.270648470807075,48.201847645323241,47.398368391971587,51.561235180106891,52.91429756186006,52.382804142978216,57.7065459035701,65.178174710139558,95.934269348461342,129.12164136803634],"mdriniTX":[1.1432168684046651,1.4290210855058312,1.7148253026069973],"sym":[0.3,0.5,0.7],"rrhiv":[2.5052192066805841,5.6367432150313146],"ART_start":2004,"ART_covg":[0.28275156914777194,0.3326489048797317,0.3825462406116914],"HIV_prev":[0.001865831832212956,0.0021950962731917129,0.0025243607141704695],"HIV_incd":[0,0,0,0,0,0,5.270150243785439E-8,1.0342145998512247E-7,2.5943520144500444E-7,5.261955720055492E-7,1.00699264401127E-6,1.8670243122033561E-6,3.487778055017263E-6,6.26593723154553E-6,1.0720008615099801E-5,1.7609088100451373E-5,2.6323393839632888E-5,3.61335602327531E-5,4.692238862073889E-5,6.3644212224624731E-5,9.8394827895855136E-5,0.00015242579952736877,0.00019006463977857733,0.00020151548654653221,0.00021337701077857294,0.00022584082393965467,0.00022927100857293069,0.00022320684147054124,0.0002178325470214706,0.00021540441717149273,0.00020989526477549188,0.00020201556962364504,0.00019119865377909115,0.00017711446824406486,0.00016219681396778066,0.00014800298224409752,0.00013607303995480307,0.00012665418988265007,0.00011721989135659693,0.00010784755822747303,0.00010079073669562736,9.5113205306021365E-5,8.8978959265243479E-5],"gth":[0.013231048279342721,0.010752624498797575,0.0064280298502077714],"age_mort":[0.0043662027342734437,0.00049361064034122624,0.00046718122168875085,0.0056988887674868528,0.076768163890048424],"ageing":[0.20197861753908158,0.20513692354330695,0.19757303150996627,0.0105222183120314],"agepop":[2.2124488E+7,2.3170084E+7,2.3842996E+7,1.87512872E+8,1.9006694E+7],"contact_mat":[[0.6393371151756303,0.33553433192784077,0.1327465418483173,0.903772477484393,0.044143637197031523],[0.32824323035423786,2.1638167283818039,0.60729622680303141,1.170376844280145,0.087718937876602426],[0.15967534740590031,0.39390672304399638,1.6511202264499139,1.5432376483956851,0.088061452918741429],[0.90812502724743915,0.85382575874122879,0.84649369292161969,11.779765446486911,0.21404212928827029],[0.020448549677631486,0.018540137707401809,0.017599132566022385,0.071502490540091335,0.020670165280118506]],"inc2000":[143.26182961766412,218.96268276790713,310.94328928379372],"inc2015":[142.93805697777262,219.0267565096668,310.87668665888185],"inc2022":[142.76483467109171,219.18062758799016,311.15412684725112],"mort_H02000":[60.235087452881515,102.562446203555,155.47164464189686],"mort_H02022":[28.369935094896427,44.842800633868542,64.976302959278911],"noti_cu":[991.61514404614081,1239.518930057676,1487.4227160692112],"noti2022":[103.29731309442907,129.12164136803634,154.94596964164359],"mort_H12022":[3.0657833086420334,4.5757959830478105,6.8636939745717154]},"r":{"mort":[0.0043662027342734437,0.00049361064034122624,0.00046718122168875085,0.0056988887674868528,0.076768163890048424],"ageing":[0.1762,0.1702,0.1606,0.005],"progression":[0.0826,0.82600000000000007,0.1652],"LTBI_stabil":[0.872,0,0.872],"LTBI_cure":0.028,"reactivation":[0.0006,0.06,0.011999999999999999],"relapse":[0.032,0.14,0.0015],"Dx":52,"Tx":2,"Tx2":0.5,"default2":[0.54166666666666674,499999.5],"access":0,"cs3":0,"vacc":[0,0,0,0,0],"waning":0},"p":{"imm":[0.8,0,0.8],"MDR_rec2015":[0.001,0],"Tx_init2":[0.88,0],"SL_trans":[0.88,0],"Tx_init":[1,1],"cure":[1,1],"tsrsl":[0.48,1E-6],"cure2":[0.5,0],"PT_PLHIV":[1,1,1],"VE":[0,0]},"prm":{"N":[0.2,0.2,0.2,0.2,0.2],"cm":[[0.6393371151756303,0.33553433192784077,0.1327465418483173,0.903772477484393,0.044143637197031523],[0.32824323035423786,2.1638167283818039,0.60729622680303141,1.170376844280145,0.087718937876602426],[0.15967534740590031,0.39390672304399638,1.6511202264499139,1.5432376483956851,0.088061452918741429],[0.90812502724743915,0.85382575874122879,0.84649369292161969,11.779765446486911,0.21404212928827029],[0.020448549677631486,0.018540137707401809,0.017599132566022385,0.071502490540091335,0.020670165280118506]],"gth":[0,0.03,0.035,0.044],"ART_start":2004,