{"data":{"pop00_22":[2.14072421E+8,2.17112437E+8,2.20115092E+8,2.23080121E+8,2.25938595E+8,2.28805144E+8,2.31797427E+8,2.34858289E+8,2.37936543E+8,2.40981299E+8,2.44016173E+8,2.47099697E+8,2.50222695E+8,2.53275918E+8,2.56229761E+8,2.5909197E+8,2.61850182E+8,2.64498852E+8,2.67066843E+8,2.69582878E+8,2.7185797E+8,2.73753191E+8,2.75501339E+8],"inc_all":[[331.19632911518295,369.9682548084977,410.60870704124937],[330.70422400537103,368.93326382771892,409.46525785623237],[329.37314448206939,367.53499846344022,407.51408358678106],[328.13322707494854,365.78785969010659,405.23557004884361],[326.19482297834065,363.37306603150296,402.32170161100629],[323.85635525746744,360.1317634711919,399.02949035096867],[320.96991309571354,356.77704049752026,394.7412237669057],[318.06414122347627,353.40460135941805,390.02242752436979],[314.7898135176319,349.25278375587726,385.39687449354932],[311.64243993887675,345.25500669659846,380.94242325417957],[308.58610343011981,341.78062451622827,376.20457230922966],[305.94938366112206,338.32497981573812,372.31935577808497],[303.32979988086214,335.30132028991216,368.47177271430155],[300.85765990590545,332.04893960743635,364.81952461031057],[298.16989135778027,328.61132005661119,360.61384766307452],[295.64791220661914,325.36708876002604,356.63011864088264],[292.9155878913997,321.93981824308986,352.87353743370704],[289.98235500848227,318.71593907711934,348.96181704410571],[287.19401906435837,315.65131430411225,344.857485734386],[284.51361810893644,312.3343760726525,340.897020915401],[276.61502806042438,300.52457170926425,325.5376327572813],[303.92339791940543,338.99148229472149,368.94547103197056],[335.38856956335883,384.75312092766274,424.6803315899673]],"inc_h1":[3.6297464238458748,8.7113914172300984,15.60790962253726],"mdr2015":[6.56137664166126,10.421009960285531,14.280643278909803],"mdr2022":[6.5335435629225751,11.252213913922212,15.60790962253726],"mort_H0":[[48.581690025358284,56.055796183105713,63.997033975712363],[47.901447488243157,55.270900947972869,63.100945248935695],[47.248009691220993,54.062626473608638,61.331551041488787],[46.6200213330528,52.895793435579137,59.171565538105483],[46.03020568486761,51.341383263890791,57.095158974499242],[46.32762976692517,51.135213988021178,55.505745098108456],[47.886640260247582,51.76934082188928,56.083452557046719],[47.688331749704609,51.520429836734444,55.352527923764278],[47.491654108801605,50.853895107654814,54.636416231364684],[46.891605476821667,50.626335116568526,53.946094796343516],[45.898597057335216,49.177068275716294,52.45553949409738],[44.921139664529818,47.754004328058727,50.991563943520333],[42.761908547104412,45.55941658289629,48.756568623801286],[41.061937834926731,43.825722112277568,46.589506389628404],[39.417747417717024,42.149670506073655,44.881593594430271],[37.052479858793,39.754223181829985,42.455966504866979],[35.898390171827337,38.189776778539724,40.863061153037506],[35.160833136621704,37.807347458733013,40.453861780844328],[34.073866668652691,36.694933335472129,39.31600000229156],[33.013966116943081,35.610570193556576,38.207174270170079],[35.3125567736712,38.990948104261946,42.301500301793617],[43.83510546914502,49.314493652788144,55.159174382007478],[45.008855655688848,51.179424576226836,57.349993496764824]],"mort_H1":[2.141550390069066,2.431930103976736,2.7223098178844061],"noti":[39.515132124375796,42.739145339702489,70.503116615011564,78.076880727530181,93.046962605038772,111.27415911593316,119.75499624506186,117.17406320711126,124.61894094174514,121.48411566160576,123.21273475590488,129.07705022398306,131.41254033731832,128.54834465549149,125.98302349429268,128.02519506876266,139.26704087606859,167.17350440522895,213.00472706003418,207.67157178283409,141.25942307301125,158.01715348771953,257.224884122977],"mdriniTX":[2.248990884214904,2.81123860526863,3.3734863263223556],"sym":[0.3,0.5,0.7],"rrhiv":[2.9245283018867925,2.2641509433962259],"ART_start":2004,"ART_covg":[0.28275156914777194,0.3326489048797317,0.3825462406116914],"HIV_prev":[0.0014800695759957813,0.0017412583247009192,0.0020024470734060569],"HIV_incd":[0,0,0,0,0,0,5.270150243785439E-8,1.0342145998512247E-7,2.5943520144500444E-7,5.261955720055492E-7,1.00699264401127E-6,1.8670243122033561E-6,3.487778055017263E-6,6.26593723154553E-6,1.0720008615099801E-5,1.7609088100451373E-5,2.6323393839632888E-5,3.61335602327531E-5,4.692238862073889E-5,6.3644212224624731E-5,9.8394827895855136E-5,0.00015242579952736877,0.00019006463977857733,0.00020151548654653221,0.00021337701077857294,0.00022584082393965467,0.00022927100857293069,0.00022320684147054124,0.0002178325470214706,0.00021540441717149273,0.00020989526477549188,0.00020201556962364504,0.00019119865377909115,0.00017711446824406486,0.00016219681396778066,0.00014800298224409752,0.00013607303995480307,0.00012665418988265007,0.00011721989135659693,0.00010784755822747303,0.00010079073669562736,9.5113205306021365E-5,8.8978959265243479E-5],"gth":[0.013231048279342721,0.010752624498797575,0.0064280298502077714],"age_mort":[0.0043662027342734437,0.00049361064034122624,0.00046718122168875085,0.0056988887674868528,0.076768163890048424],"ageing":[0.20197861753908158,0.20513692354330695,0.19757303150996627,0.0105222183120314],"agepop":[2.2124488E+7,2.3170084E+7,2.3842996E+7,1.87512872E+8,1.9006694E+7],"contact_mat":[[0.26830151266739505,0.155545854922546,0.0740837963742672,0.58754345982229739,0.026520404825455472],[0.16126819217374816,0.90968880436870814,0.38365783345033672,0.79018570647882613,0.039466590306588126],[0.098226298964794637,0.23578085742734478,1.6195727747984485,1.3265977282721617,0.038022181094980123],[0.89823995749286123,0.86258567793946428,0.92605865798161124,14.953116083984265,0.34719651085416847],[0.0314742384124671,0.028678127055870115,0.029336502678867407,0.17043237725030042,0.038419870402228225]],"inc2000":[331.19632911518295,369.9682548084977,410.60870704124937],"inc2015":[295.64791220661914,325.36708876002604,356.63011864088264],"inc2022":[335.38856956335883,384.75312092766274,424.6803315899673],"mort_H02000":[48.581690025358284,56.055796183105713,63.997033975712363],"mort_H02022":[45.008855655688848,51.179424576226836,57.349993496764824],"noti_cu":[2374.4517647413945,2968.064705926743,3561.6776471120916],"noti2022":[205.77990729838163,257.224884122977,308.66986094757243],"mort_H12022":[2.141550390069066,2.431930103976736,2.7223098178844061]},"r":{"mort":[0.0043662027342734437,0.00049361064034122624,0.00046718122168875085,0.0056988887674868528,0.076768163890048424],"ageing":[0.189,0.1714,0.1804,0.008],"progression":[0.0826,0.82600000000000007,0.1652],"LTBI_stabil":[0.872,0,0.872],"LTBI_cure":0.028,"reactivation":[0.0006,0.06,0.011999999999999999],"relapse":[0.032,0.14,0.0015],"Dx":52,"Tx":2,"Tx2":0.5,"default2":[0.54166666666666674,499999.5],"access":0,"cs3":0,"vacc":[0,0,0,0,0],"waning":0},"p":{"imm":[0.8,0,0.8],"MDR_rec2015":[0.001,0],"Tx_init2":[0.88,0],"SL_trans":[0.88,0],"Tx_init":[1,1],"cure":[1,1],"tsrsl":[0.48,1E-6],"cure2":[0.5,0],"PT_PLHIV":[1,1,1],"VE":[0,0]},"prm":{"N":[0.2,0.2,0.2,0.2,0.2],"cm":[[0.26830151266739505,0.155545854922546,0.0740837963742672,0.58754345982229739,0.026520404825455472],[0.16126819217374816,0.90968880436870814,0.38365783345033672,0.79018570647882613,0.039466590306588126],[0.098226298964794637,0.23578085742734478,1.6195727747984485,1.3265977282721617,0.038022181094980123],[0.89823995749286123,0.86258567793946428,0.92605865798161124,14.953116083984265,0.34719651085416847],[0.0314742384124671,0.028678127055870115,0.029336502678867407,0.17043237725030042,0.038419870402228225]],"gth":[0,0.015,0.015,0.013],"ART_start":2004,